,작가명,키워드,작가소개,프로젝트명,내부파트너,외부파트너,작품명,매체,디스크립션,년도,text
0,김정태,#디지털 소재 #픽셀 #변형 #VR아트,"김정태는 디지털 소재들의 예술적 가능성을 탐색하는 작가입니다. 컴퓨터로 만든 이미지를 공유하거나 출력하는 방식으로 그 가능성을 관객이 체험할 수 있도록 구현해냅니다. 그의 디지털 회화와 VR 작업은 디지털 공간과 실제의 물리 공간을 오가며 사람들이 공간을 느끼는 감각을 새롭게 자극합니다. 대표적인 것이 VR 기기를 통해서만 관람할 수 있는 그의 작품 인데, 화면 중앙의 프레임에 가상의 풍경이 뒤섞여 변형되며 관객은 끊임없이 새로운 장면을 만나게 됩니다. 푹신한 의자라는 실제의 물리 공간과 계속해서 바뀌어 가는 VR 기기 속 풍경이 부딪히며 만나는 생경한 경험을 유도합니다",팀잇,"김정태, 최영준",,<플레이팅해보기>,영상 및 텍스트,"1. 발명품으로서 ‘인류’라는 개념은 오류를 수정하며 수명을 연장해왔다. 더 효과적으로 작동하기 위해서 핵심이 되는 정의와 그 쓰임으로부터 보완과 증명을 반복해 왔다. 일부가 연출이거나 이상적이어도 때로 그렇기에 더욱 효과적이었을 수도 있었다. 그러나 ‘인류’라는 개념을 호출하는 ‘인류’라는 문자가 자체적으로 가진 한계에서도 알 수 있듯 더이상 ‘인류’ 라는 장치는 수명을 연장하기 힘들어 보인다. ‘인류’는 끊임없이 ‘인류’ 고유의 특성을 찾아 인류의 특성 안에 포함되는 부류를 형성하도록 도와주고 권한을 주려고 노력해왔다. 인류라는 공동권력의 호출자에게 무적의 권능을 부여하기도 했다. 그러나 적이 없다는 허구로부터 생산되는 권능은 허점을 발견해낼 때마다 조금씩 무너지거나 갱신되었다. 허점을 가리기 위해 거듭된 확장은 사실 그 자체의 본질이 허구임을 역설하는 것이고 인류라는 개념은 이미 공개적으로 실패한 것처럼 보인다.
2. 그와 동시에 - 한편에선 유대감으로 무장시켜주는 인류라는 장치의 보호 아래에서 종으로서의 정체성과 활동을 유지해온 생물 집단은 그 개념 장치의 실패에 앞서 인류가 형성해 놓은 보편적 이미지와 집단에 속한 개인들이 자존의 간극을 더 강하게 느끼는 방향으로 나아가고 있다. 자신들의 오류나 결여를 극복하기 위한 기술적 수단들로부터 인류는 더이상 자신들이 지시한 자신의 모습 그대로 있을 수 없게 된다.
3. 그와 동시에 - 한편에선 인간의 파편적 복제물들이 지속적으로 증식하면서 인류의 신체는 이론상 무한히 증식할 수 있는 가능성을 획득한다. 개인이 아닌 유닛으로 존재하게 된다.
4. 나라고 하는 개인은 미래에 원본 데이터로서의 보존 가치 외에 무엇을 가질 수 있는지 고민해봐야 한다. 추출되거나 업로드된 이후에 혹은 그런 선택조차 받지 못한 화석으로서의 삶에 어떻게 대비할 수 있을까?
5. 이미 세계는 게임이지만 미래는 완전한 게임의 세계일 것이다.",2018,"['발명품', '인류', '개념', '오류', '수정', '수명', '연장', '더', '효과', '작동', '위해', '핵심', '정의', '그', '보완', '증명', '반복', '일부', '연출', '거나', '이상', '이어도', '때', '그렇다', '더욱', '효과', '수도', '있다', '인류', '개념', '호출', '인류', '문자', '자체', '한계', '알', '수', '있다', '더', '이상', '인류', '장치', '수명', '연장', '힘들다', '인류', '끊임없다', '인류', '고유', '특성', '인류', '특성', '안', '포함', '부류', '형성', '권한', '주', '려고', '노력', '인류', '공', '동', '권력', '호출', '무적', '권능', '부여', '적', '없다', '허구', '로부터', '생산', '권능', '점', '발견', '때', '갱신', '점', '위해', '거듭', '확장', '사실', '그', '자체', '본질', '허구', '임', '역설', '것', '인류', '개념', '공개', '실패하다', '것', '그', '동시', '한편', '유', '대감', '무장', '인류', '장치', '보호', '아래', '종', '정체', '성과', '활동', '유지', '생물', '집단', '그', '개념', '장치', '실패', '앞서', '인류', '형성', '보편', '이미지', '집단', '속', '개인', '자존', '간극', '더', '강하다', '방향', '있다', '자신', '오류', '결여', '극복', '위', '기술', '수단', '로부터', '인류', '더', '이상', '자신', '지시', '자신', '모습', '그대로', '있다', '수', '없다', '그', '동시', '한편', '인간', '파편', '복제', '지속', '증식', '인류', '신체', '이론', '무한', '증식', '수', '있다', '가능성', '획득', '개인', '아니다', '유닛', '존재', '나라고', '개인', '미래', '원본', '데이터', '로서', '보존', '가치', '외', '무엇', '수', '있다', '고민', '추출', '업로드', '이후', '그렇다', '선택', '못', '화석', '삶', '어떻다', '대비', '수', '있다', '세계', '게임', '미래', '완전하다', '게임', '세계', '일', '것']"
1,김정태,#디지털 소재 #픽셀 #변형 #VR아트,"김정태는 디지털 소재들의 예술적 가능성을 탐색하는 작가입니다. 컴퓨터로 만든 이미지를 공유하거나 출력하는 방식으로 그 가능성을 관객이 체험할 수 있도록 구현해냅니다. 그의 디지털 회화와 VR 작업은 디지털 공간과 실제의 물리 공간을 오가며 사람들이 공간을 느끼는 감각을 새롭게 자극합니다. 대표적인 것이 VR 기기를 통해서만 관람할 수 있는 그의 작품 인데, 화면 중앙의 프레임에 가상의 풍경이 뒤섞여 변형되며 관객은 끊임없이 새로운 장면을 만나게 됩니다. 푹신한 의자라는 실제의 물리 공간과 계속해서 바뀌어 가는 VR 기기 속 풍경이 부딪히며 만나는 생경한 경험을 유도합니다",어디가 프로젝트,"TRIPLE-CORE(김정태, 조호영, 최진훈)",,"
1. Somewhere
2. 无目标区域, 
3. The fluid destination, 
4. nowhere
5. Ruins Trophy","1. FIRST AID 편곡, 2채널 사운드
2. 싱글 채널 비디오
3. 싱글 채널 비디오
4. 싱글 채널 비디오
5. 3채널 비디오, 장소 특정적 설치","시각예술가 김정태, 조호영, 최진훈은 ZER01NE Lab의 일원으로서, ‘이동’에 대한 상상을 바탕으로 팀 TRIPLE-CORE를 구성하여 협업했다.
<어디가 프로젝트>는 미래의 이동 개념을 시각화한 음악, 영상, 설치 작업이다. 여기서 사용된 음악은 3인이 각자 도출한 멜로디의 중간 값을 AI 작곡 프로그램에 입력하여 공통의 취향을 반영한 한 개의 곡이다. 그들은 효과적인 주제 전달을 위해 뮤직비디오의 방식을 빌렸으며, 이동에 관한 상상을 담은 영상 3편이 완성된 음악에 맞추어 개별 모니터에 동시 재생된다.
본 프로젝트를 통해 TRIPLE-CORE는 출발지와 목적지 사이의 거리로 이해되는 현재의 이동 개념과 달리, 꼭 특정 장소로 이동할 필요가 없어질 미래에는 장소성과 이동이 추상적인 상태를 유지하기 위해 유동적인 방향의 목적지로 유랑하는 개념이 될 것으로 예측한다.",2019,"['시각예술', '김정태', '조호', '영', '최진훈', 'ZER', 'NE', 'Lab', '의', '일원', '이동', '대한', '상상', '바탕', '팀', 'TRIPLE', 'CORE', '를', '구성', '협업', '어디가', '프로젝트', '미래', '이동', '개념', '시각', '음악', '영상', '설치', '작업', '여기', '사용', '음악', '인', '각자', '도출', '멜로디', '중간', '값', 'AI', '작곡', '프로그램', '입력', '공통', '취향', '반영', '개', '곡', '그', '효과', '주제', '전달', '위해', '뮤직비디오', '방식', '이동', '관', '상상', '영상', '편이', '완성', '음악', '개별', '모니터', '동시', '재생', '프로젝트', '통해', 'TRIPLE', 'CORE', '출발', '목적지', '사이', '거리', '이해', '현재', '이동', '개념', '달리', '꼭', '특정', '장소', '이동', '필요', '미래', '장소', '성과', '이동', '추상', '상태', '유지', '위해', '유동', '방향', '목적지', '유랑', '개념', '것', '예측']"
2,박승순,#아쿠아포닉스 #물의 연주 #딥러닝 알고리즘 #이미지와 사운드 #인터랙티브,"대학교 3학년 때부터 ‘라디오포닉스’라는 이름의 전자음악가로 활동한 박승순 작가는 다양한 프로젝트 활동을 통해 대중이 음악을 적극적으로 경험할 수 있는 다양한 매체와 방법을 고민해왔습니다. 물이 떨어지는 소리를 음악으로 치환해주는 인터페이스 &lt;아쿠아포닉스&gt;는 누군가에 의해 만들어진 음악이 아니라, 관객이 자신의 경험을 바탕으로 직접 음악을 만드는 경험을 하게 합니다. 최근에는 알고리즘 개발자 이종필과의 협업을 통해 풍경 이미지를 분석해 이에 적합한 소리를 생성하는 인공지능 사운드스케이프 디자인 시스템 ‘뉴로스케이프’ 연작을 개발하고 있습니다.",모멘텀,"박승순, 전형산",,모멘텀,음악/사운드 설치,"모멘텀 MOMENTUM은 우주의 물리적 운동성을 소리와 음악적 구조로 재해석한 설치 음악(INSTALLATION MUSIC) 프로젝트이다. 소리를 주요 매체로 작업해온 두 작가 박승순, 전형산은 소리의 공간성과 운동성의 탐구를 바탕으로, 우주의 에너지 운동을 새로운 시/청각적 경험을 위한 다채널 사운드 인스톨레이션 및 이를 기반으로 한 음악 작품으로 표현하고자 한다.

본 작품은 '행성의 겉보기 역행/순행 운동'의 개념을 차용한다. 겉보기 역행 운동은 행성이나 천체가 특정 위치에서 관측될 때, 그것이 속한 행성계 내에서 다른 천체들의 방향과는 반대로 이동하는 것처럼 보이는 일종의 착시현상 중 하나로, 이를 협화(CONSONANCE)와 불협화(DISSONANCE)라는 청각적 심상(AUDITORY IMAGE)으로 변환 및 구조화하였다.

구조는 사운드 인스톨레이션의 형태로, 32채널 96개의 원형 서라운드 스피커 구조물을 구축하여 행성의 운동을 음악적으로 표현하며, 가운데 일정한 속도로 회전하는 초지향성 스피커는 다양한 신호를 발생하여 대립과 조화뿐만 아니라 소리의 이동을 제시한다.

소리의 특성을 과학적으로 해석하고 소리를 구조화시킴으로써, 음향 그 자체로부터 어떤 음악적 가치구조가 형성될 수 있는지에 대하여 실험하고, 그 안에서 소리와 사회 그리고 우리 자신과의 관계성을 다시금 찾아 나가고자 한다. 이렇게 생성된 소리는 공간을 이동하며 팽팽한 긴장 속에서 열림과 닫힘의 운동을 시작한다.",2018,"['모멘텀', 'MOMENTUM', '은', '우주', '물리', '운동', '소리', '음악', '구조', '재', '해석', '설치', '음악', 'INSTALLATION', 'MUSIC', '프로젝트', '소리', '주요', '매체', '작업', '두', '작가', '박승', '순', '전형산', '소리', '공간', '성과', '운동', '성의', '탐구', '바탕', '우주', '에너지', '운동', '새롭다', '시', '청각', '경험', '위', '채널', '사운드', '인스톨레이션', '및', '기반', '음악', '작품', '표현', '작품', '행성', '겉보기', '역행', '순행', '운동', '의', '개념', '차용', '겉보기', '역행', '운동', '행성', '천체', '특정', '위치', '관측', '때', '그것', '속', '행성계', '내', '다른', '천체', '방향', '반대', '이동', '것', '일종', '착시현상', '중', '하나로', '협화', 'CONSONANCE', '불', '협화', 'DISSONANCE', '청각', '심상', 'AUDITORY', 'IMAGE', '변환', '및', '구조', '화하다', '구조', '사운드', '인스톨레이션', '형태', '채널', '개', '원형', '서라운드', '스피커', '구', '조물', '구축', '행성', '운동', '음악', '표현', '가운데', '일정하다', '속도', '회전', '초', '지향성', '스피커', '다양하다', '신호', '발생', '대립', '조화', '아니다', '소리', '이동', '제', '시한', '소리', '특성', '과학', '해석', '소리', '구조', '시킴', '음향', '그', '자체', '로부터', '어떻다', '음악', '가치', '구조', '형성', '수', '있다', '대하', '실험', '그', '안', '소리', '사회', '우리', '자신', '관계성', '다시금', '생', '소리', '공간', '이동', '팽팽', '긴장', '속', '운동', '시작']"
3,박승순,#아쿠아포닉스 #물의 연주 #딥러닝 알고리즘 #이미지와 사운드 #인터랙티브,"대학교 3학년 때부터 ‘라디오포닉스’라는 이름의 전자음악가로 활동한 박승순 작가는 다양한 프로젝트 활동을 통해 대중이 음악을 적극적으로 경험할 수 있는 다양한 매체와 방법을 고민해왔습니다. 물이 떨어지는 소리를 음악으로 치환해주는 인터페이스 &lt;아쿠아포닉스&gt;는 누군가에 의해 만들어진 음악이 아니라, 관객이 자신의 경험을 바탕으로 직접 음악을 만드는 경험을 하게 합니다. 최근에는 알고리즘 개발자 이종필과의 협업을 통해 풍경 이미지를 분석해 이에 적합한 소리를 생성하는 인공지능 사운드스케이프 디자인 시스템 ‘뉴로스케이프’ 연작을 개발하고 있습니다.",인터미디어 모빌리티 R&D,,,<아카이브&프리젠테이션: 인터미디어 모빌리티 R&D>,"아카이브 및 프레젠테이션, 비디오, 사운드, 키노트 프리젠테이션","인터미디어 모빌리티 R&D는 매체음악가 박승순의 개인 프로젝트로, '환경소리' 데이터와 '인공 신경망'
이라는 두 주제가 '자동차'라는 매체에 어떻게 투영할 수 있는지 될 수 있는지 리서치 및 아이디에이션 과정을 아카이브 및 프리젠테이션 형식으로 소개하는 작업이다.

작가는 '자율주행 자동차' 시대에서 '자동차'는 기존의 운송수단 기능을 넘어 일종의 거대한 '인터미디어(또는 엔터테인먼트) 모빌리티' 디바이스로 확장 가능하리라 생각했다.

리서치 과정에서 발생한 여러 가지 상상적 요소들을 'COMPUTER VISION', 'MUSIC INFORMATION RETRIEVAL' 등 최신 딥러닝 연구 분야와 연계하여 '실시간 영상 분석을 이용한 VISUAL OBJECT TO SOUND MAPPING', 'SPEECH RECOGNITION TO MULTI-MODALITY' 등의 아이디에이션을 통해 예술, 기술 그리고 산업 간의 유기적 상생 모델을 개발 중이다. 또 이를 위해 독립적인 랩 또는 스튜디오를 구축해 다양한 전문가들과 연계 프로젝트로 확장할 예정이다.

ZER01NE DAY 2018에서는 총 3회에 걸쳐 제작된 아이디에이션 노트와 더불어 음악, 영상, 이미지, 서적 등 작가가 참고한 여러 포맷의 자료를 아카이브 전시 형태로 공개할 예정이며, ZER01NE DAY 기간 동안 작가가 직접 키노트 프리젠테이션을 진행했다.",2018,"['인터', '미디어', '모빌리티', 'R', 'D', '매체', '음악가', '박승', '순의', '개인', '프로젝트', '환경', '소리', '데이터', '인공', '신경망', '두', '주제가', '자동차', '매체', '어떻다', '투영', '수', '있다', '수', '있다', '리서치', '및', '아이디', '에이', '션', '과정', '아카이브', '및', '프리젠테이션', '형식', '소개', '작업', '작가', '자율', '주행', '자동차', '시대', '자동차', '기존', '운송', '수단', '기능', '일종', '거대하다', '인터', '미디어', '엔터테인먼트', '모빌리티', '디바이스', '확장', '가능하다', '생각', '리서치', '과정', '발생', '여러', '가지', '상상', '요소', 'COMPUTER', 'VISION', 'MUSIC', 'INFORMATION', 'RETRIEVAL', '등', '최신', '딥', '러닝', '연구', '분야', '연', '계', '실시간', '영상', '분석', '이용', 'VISUAL', 'OBJECT', 'TO', 'SOUND', 'MAPPING', 'SPEECH', 'RECOGNITION', 'TO', 'MULTI', 'MODALITY', '등', '아이디', '션', '통해', '예술', '기술', '산업', '간의', '유기', '상생', '모델', '개발', '중이', '또', '위해', '독립', '랩', '스튜디오', '구축', '다양하다', '전문가', '연', '계', '프로젝트', '확장', '예정', 'ZER', 'NE', 'DAY', '총', '제작', '아이디', '에이', '션', '노트', '음악', '영상', '이미지', '서적', '등', '작가', '참고', '여러', '포맷', '자료', '아카이브', '전시', '형태', '공개', '예정', 'ZER', 'NE', 'DAY', '기간', '동안', '작가', '직접', '키노트', '프리젠테이션', '진행']"
4,박승순,#아쿠아포닉스 #물의 연주 #딥러닝 알고리즘 #이미지와 사운드 #인터랙티브,"대학교 3학년 때부터 ‘라디오포닉스’라는 이름의 전자음악가로 활동한 박승순 작가는 다양한 프로젝트 활동을 통해 대중이 음악을 적극적으로 경험할 수 있는 다양한 매체와 방법을 고민해왔습니다. 물이 떨어지는 소리를 음악으로 치환해주는 인터페이스 &lt;아쿠아포닉스&gt;는 누군가에 의해 만들어진 음악이 아니라, 관객이 자신의 경험을 바탕으로 직접 음악을 만드는 경험을 하게 합니다. 최근에는 알고리즘 개발자 이종필과의 협업을 통해 풍경 이미지를 분석해 이에 적합한 소리를 생성하는 인공지능 사운드스케이프 디자인 시스템 ‘뉴로스케이프’ 연작을 개발하고 있습니다.",창의R&d,"창의생태연구모임(박승순, 우아름, 임서진)","서지혜, 도승헌","씨-알 네트워크 이동형 키오스크

","혼합매체, 가변설치","ZER01NE의 크리에이터와 실무자가 함께하는 창의생태연구모임(Creative Ecosystem Research Network)은 지속 가능한 다자간 창의 생태계를 상상하는 연구 프로젝트 <창의 R&d>를 진행한다. ZER01NE의 오픈 이노베이션에서 영감을 받아 예술-기술-비즈니스가 상호 의존하고 있는 양상을 포착해, 각자 분야에서의 활동 지속가능성을 획득해 갈 수 있는 다자간 생태계를 상상하고, 예술 실험이 일종의 아이디어 허브로서 사회 전반에서 순환할 방법을 고민한다.
구체적인 연구 진행 과정은 다음과 같다. 첫째, 창의 혁신 관련 개념의 관계도를 구축한다. 둘째, 다자간 협력 생태계를 구축한 기관 및 프로젝트 사례를 조사한다. 셋째, 앞서 조사한 사례의 당사자들을 인터뷰하고 이를 바탕으로 리서치 자료집을 구축한다. 이 자료집은 창의적인 사람이 자신의 아이디어를 세상과 소통하는 데 가이드 역할을 해 줄 것으로 기대된다.
ZER01NE DAY에서는 그간의 리서치 내용을 이동식 키오스크에서 간략하게 소개하며 관객과 소통하는 <씨-알 네트워크 이동형 키오스크>를 선보인다.",2019,"['ZER', 'NE', '의', '크리에이터', '실무', '창의', '생태', '연구', '모임', 'Creative', 'Ecosystem', 'Research', 'Network', '은', '지속', '가능하다', '다자', '창의', '생태계', '상상', '연구', '프로젝트', '창의', 'R', 'd', '를', '진행', 'ZER', 'NE', '의', '오픈', '이노베이션', '영감', '예술', '기술', '비즈니스', '상호', '의존', '있다', '양상', '포착', '각자', '분야', '활동', '지속가능성', '획득', '수', '있다', '다자', '생태계', '상상', '예술', '실험', '일종', '아이디어', '허브', '로서', '사회', '전반', '순환', '방법', '고민', '구체', '연구', '진행', '과정', '다음', '같다', '첫째', '창의', '혁신', '관련', '개념', '관계도', '구축', '둘째', '다자', '협력', '생태계', '구축', '기관', '및', '프로젝트', '사례', '조사', '셋째', '앞서', '조사', '사례', '당사자', '인터뷰', '바탕', '리서치', '자료', '집', '구축', '이', '자료', '창의', '사람', '자신', '아이디어', '세상', '소통', '데', '가이드', '역할', '해', '줄', '것', '기대', 'ZER', 'NE', 'DAY', '그간', '리서치', '내용', '이동식', '키', '오스', '간략하다', '소개', '관객', '소통', '씨', '알', '네트워크', '이동형', '키', '오스', '를']"
5,박승순,#아쿠아포닉스 #물의 연주 #딥러닝 알고리즘 #이미지와 사운드 #인터랙티브,"대학교 3학년 때부터 ‘라디오포닉스’라는 이름의 전자음악가로 활동한 박승순 작가는 다양한 프로젝트 활동을 통해 대중이 음악을 적극적으로 경험할 수 있는 다양한 매체와 방법을 고민해왔습니다. 물이 떨어지는 소리를 음악으로 치환해주는 인터페이스 &lt;아쿠아포닉스&gt;는 누군가에 의해 만들어진 음악이 아니라, 관객이 자신의 경험을 바탕으로 직접 음악을 만드는 경험을 하게 합니다. 최근에는 알고리즘 개발자 이종필과의 협업을 통해 풍경 이미지를 분석해 이에 적합한 소리를 생성하는 인공지능 사운드스케이프 디자인 시스템 ‘뉴로스케이프’ 연작을 개발하고 있습니다.",NeuroScape for Mobility(N4M),,,"NeuroScape for Mobility(N4M)
","혼합매체, 가변설치","매체음악가 박승순은 풍경을 포착해 음악으로 변환하는 뉴로스케이프(NeuroScape) 작업을 지속해 왔다. 올해는 ZER01NE Lab의 일원으로 참여해 모빌리티를 접목한 프로젝트 <NeuroScape for Mobility(N4M)>를 선보인다.
본 프로젝트는 미래의 차는 가장 몰입감이 뛰어난 엔터테인먼트 공간이라는 점에 착안하여, 개인화된 인터-미디어 모빌리티를 ‘미래 음악’이라는 주제와 함께 제안한다. 그 기본 전략은 모빌리티 모드와 이동시 마주하는 풍경 이미지/영상에 따라 개인화된 음악 플레이리스트 및 인터랙티브 뮤직비디오를 생성하는 인공지능 알고리즘을 만드는 것으로, 풍경 이미지/영상 분석으로 사운드스케이프를 생성하는 모빌리티 환경 특화 인공지능 신경망 시스템의 연구와 개발이 이 프로젝트의 중심축이다.
박승순의 상상은 스트리밍 시대의 음악 감상 풍경을 확장한다. 플레이리스트를 받아 감상하는 스트리밍 시대의 일상적인 음악 감상을 ‘듣는 나’의 기분과 신체에 맞게 생성되는 음악을 경험하는 것으로 전환하려는 것이다. 이동하는 모든 순간이 음악이 된다.",2019,"['매체', '음악가', '박승', '순은', '풍경', '포착', '음악', '변환', '뉴', '로스', '케이프', 'NeuroScape', '작업', '지속', '올해', 'ZER', 'NE', 'Lab', '의', '일원', '참여', '모빌리티', '접목', '프로젝트', 'NeuroScape', 'for', 'Mobility', 'N', 'M', '를', '프로젝트', '미래', '가장', '몰입', '감', '뛰어나다', '엔터테인먼트', '공간', '점', '착안', '개인화', '인터', '미디어', '모빌리티', '미래', '음악', '주제', '제안', '그', '기본', '전략', '모빌리티', '모드', '동시', '마주', '풍경', '이미지', '영상', '개인화', '음악', '플레이', '리스트', '및', '인터', '랙티브', '뮤직비디오', '생', '성하다', '인공', '지능', '알고리즘', '것', '풍경', '이미지', '영상', '분석', '사운드', '스케', '이프', '생', '성하다', '모빌리티', '환경', '특화', '인공', '지능', '신경망', '시스템', '연구', '개발', '이', '프로젝트', '중심', '축', '박승', '순의', '상상', '스트리밍', '시대', '음악', '감상', '풍경', '확장', '플레이', '리스트', '감상', '스트리밍', '시대', '일상', '음악', '감상', '나', '의', '기분', '신체', '생', '음악', '경험', '것', '전환', '것', '이동', '모든', '순간', '음악']"
6,박승순,#아쿠아포닉스 #물의 연주 #딥러닝 알고리즘 #이미지와 사운드 #인터랙티브,"대학교 3학년 때부터 ‘라디오포닉스’라는 이름의 전자음악가로 활동한 박승순 작가는 다양한 프로젝트 활동을 통해 대중이 음악을 적극적으로 경험할 수 있는 다양한 매체와 방법을 고민해왔습니다. 물이 떨어지는 소리를 음악으로 치환해주는 인터페이스 &lt;아쿠아포닉스&gt;는 누군가에 의해 만들어진 음악이 아니라, 관객이 자신의 경험을 바탕으로 직접 음악을 만드는 경험을 하게 합니다. 최근에는 알고리즘 개발자 이종필과의 협업을 통해 풍경 이미지를 분석해 이에 적합한 소리를 생성하는 인공지능 사운드스케이프 디자인 시스템 ‘뉴로스케이프’ 연작을 개발하고 있습니다.",Music for Vehicles,"박성민, 박승순",,"Music for Vehicles
","퍼포먼스, 8채널 사운드, 8채널 비디오, 가변설치","전자음악가 박성민과 매체음악가 박승순은 음악에 관한 자신들의 지향과 취향을 공유하며, 본 프로젝트에서는 운송수단을 테마로 따로 또 같이 음악을 창작하는 작업을 진행한다.
프로젝트 <Music for Vehicles>는 오토바이, 차, 비행기 등 여러 운송수단에 탑승했을 때의 감흥을 상기시키는 사운드 작업으로, 운송수단 자체를 모티프로 한 새로운 음악적 표현 가능성을 모색한다. 본 프로젝트는 브라이언 이노(Brian Eno)의 1978년 발표 음반 <Music for Airports>에서 영감을 받아 박성민과 박승순이 각각 4곡씩 맡아 제작해 총 8곡으로 구성되어 있고, 이를 통해 실험적인 음악을 일상의 차원에서 대중적으로 공유하고자 한다.
<Music for Vehicles>의 음원은 사전에 공개되고, 행사 3일 동안은 현장에서 퍼포먼스로 진행된다. 관객의 반응에 따라 음악이 조정되는 즉흥 퍼포먼스에서 관객은 공동창작자가 되며, 창작자들과 함께 동등한 협업의 순간을 경험할 수 있다.",2019,"['전자음악', '박성민', '매체', '음악가', '박승', '순은', '음악', '관', '자신', '지향', '취향', '공유', '프로젝트', '운송', '수단', '테마', '또', '음악', '창작', '작업', '진행', '프로젝트', 'Music', 'for', 'Vehicles', '오토바이', '차', '비행기', '등', '여러', '운송', '수단', '탑승', '때', '감흥', '상기', '사운드', '작업', '운송', '수단', '자체', '모티프', '새롭다', '음악', '표현', '가능성', '모색', '프로젝트', '브라이언', '이노', 'Brian', 'Eno', '의', '발표', '음반', 'Music', 'for', 'Airports', '영감', '박성민', '박승', '순이', '각각', '곡', '제작', '총', '곡', '구성', '있다', '통해', '실험', '음악', '일상', '차원', '대중', '공유', 'Music', 'for', 'Vehicles', '의', '음원', '사전', '공개', '행사', '동안', '현장', '퍼포먼스', '진행', '관객', '반응', '음악', '조정', '즉흥', '퍼포먼스', '관객', '공', '동', '창작', '창', '작자', '동등', '협업', '순간', '경험', '수', '있다']"
7,양아치,#미디어의 본질 #사회문제 #삶 #체제비판 #문제의식,"웹 아티스트로 활동을 시작한 양아치 작가는 미디어 아티스트이면서 시각적인 부분보다는 ‘매개’라는 미디어의 속성에 관심을 두고 있습니다. 작가는 미디어를 “사람과 사람 간에 서로를 연결할 수 있고 커뮤니케이션할 수 있게 해주는 존재”로 정의하며, <전자정부>,<미들 코리아> 등의 작품을 통해 한국 사회가 가진 시대적인 문제들을 ‘우리의 삶’을 통해 다양한 미디어로 제시하는 작업을 해왔습니다. 최근 작업인 <스크린 스크린 스크린>은 ‘근미래’에 현실이 될 ‘스마트시티’ ‘빅데이터’ ‘자율주행’ 등이 품고 있는 위험성을 은유적인 방법으로 환기합니다.",Screen Screen Screen,,,Screen Screen Screen,영상 설치,"SCREEN SCREEN SCREEN은 미디어 사회를 중심으로 하는 시공간에 집중하며, 그 이면에 존재하는 사회적 변혁을 다수의 스크린으로 재현한다. 작가는 3G, 4G, 5G 시대를 상징하는 미디어 환경을 통해 쉴 새 없이 각종 이슈를 뱉어내는 스크린에 주목한다.",2018,"['SCREEN', 'SCREEN', 'SCREEN', '은', '미디어', '사회', '중심', '시공간', '집중', '그', '이면', '존재', '사회', '변혁', '다수', '스크린', '재현', '작가', 'G', 'G', 'G', '시대', '상징', '미디어', '환경', '통해', '새', '각종', '이슈', '스크린', '주목']"
8,양아치,#미디어의 본질 #사회문제 #삶 #체제비판 #문제의식,"웹 아티스트로 활동을 시작한 양아치 작가는 미디어 아티스트이면서 시각적인 부분보다는 ‘매개’라는 미디어의 속성에 관심을 두고 있습니다. 작가는 미디어를 “사람과 사람 간에 서로를 연결할 수 있고 커뮤니케이션할 수 있게 해주는 존재”로 정의하며, <전자정부>,<미들 코리아> 등의 작품을 통해 한국 사회가 가진 시대적인 문제들을 ‘우리의 삶’을 통해 다양한 미디어로 제시하는 작업을 해왔습니다. 최근 작업인 <스크린 스크린 스크린>은 ‘근미래’에 현실이 될 ‘스마트시티’ ‘빅데이터’ ‘자율주행’ 등이 품고 있는 위험성을 은유적인 방법으로 환기합니다.",WILSON,"룸톤, 양아치, 이장원","권영진, 이경용","WILSON
",영상 설치,"스크린, JODK, 공중, 시간표, 광고 후 계속됩니다, 빛, 별들의 고향, 새로운 약을 써보세요, 허니 버터, 폭력서클, 다이어트나 운동 없이 살을 뺄 수 있습니다, 당신이 처음입니다, 평화의 댐, 채널 고정하세요, 더티 댄싱, 프로젝션, 일촉즉발의 남북한, 급변하는 동북아, 한반도가 가야 할 길은? 아직 선택을 못 하셨나요, 새로운 모드, 콜드하드캐시, 투시도, 지정학적 환상은 그래서 더욱더 강력한 것이 된다, 윤심덕은 자살하지 않았다, 미리 맛보는 매혹적인 지중해 신메뉴, 해치워, 트윗, 수지 웡의 세계 THE WORLD OF SUZIE WONG, 국민 여동생, 심리적인 이웃, 디스플레이, Y2K 세기말 공포, 유리, 초국적 TRANSNATIONAL, 믿고 부르는 카카오 택시, 모던한 것 그러나 진정으로 모던한 것들, 오늘 밤 쇼에서는, 킹콩, 글로벌 미디어, 모든 비니 베이비들을 모아보세요, 그래, 어떤 빛은 스크린으로 향한다, 스크린의 빛은 카메라로 향한다, 카메라는 스크린으로 향한다, 스크린의 빛은 눈으로 향한다, 벌크업, 파노라마, 한인 천재 소녀, 골든 타임, 심경고백, 윈도우, 우리 강아지 먹는 것도 남달라, 녹색 창, 녹색 거실, 청색 방, 청색 화장실, 황금 부엌, 녹색 정원, 무료 평가판, 이번 주 로또 번호에서는, 초매체성 TRANSMEDIALITE, 아시안 핏 ASIAN FIT, 코리안 핏 KOREAN FIT, (계속)",2018,"['스크린', 'JODK', '공중', '시간표', '광고', '후', '계속', '빛', '별', '고향', '새롭다', '약', '허니', '버터', '폭력', '서클', '다이어트', '운동', '살', '수', '있다', '당신', '처음', '이다', '평화', '댐', '채널', '고정', '더티', '댄싱', '프로', '젝션', '일촉즉발', '남북한', '급변', '동북아', '한반도', '가야', '길다', '선택', '못', '새롭다', '모드', '콜드', '하드', '캐시', '투시도', '지정학적', '환상', '더욱더', '강력하다', '것', '윤심덕', '자살', '미리', '매혹', '지중해', '신', '메뉴', '트윗', '수지', '웡', '세계', 'THE', 'WORLD', 'OF', 'SUZIE', 'WONG', '국민', '여동생', '심리', '이웃', '디스플레이', 'Y', 'K', '세기말', '공포', '유리', '초', '국적', 'TRANSNATIONAL', '카카오', '택시', '모던', '것', '진정', '모던', '것', '오늘', '밤', '쇼', '킹콩', '글로벌', '미디어', '모든', '비니', '베이비', '그렇다', '어떻다', '빛', '스크린', '향', '스크린', '빛', '카메라', '향', '카메라', '스크린', '향', '스크린', '빛', '눈', '향', '벌', '업', '파노라마', '한인', '천재', '소녀', '골든', '타임', '심경', '고백', '윈도우', '우리', '강아지', '것', '남다르다', '녹색', '창', '녹색', '거실', '청색', '방', '청색', '화장실', '황금', '부엌', '녹색', '정원', '무료', '평가판', '이번', '주', '로또', '번호', '초', '매체', 'TRANSMEDIALITE', '아시안', '핏', 'ASIAN', 'FIT', '코리안', '핏', 'KOREAN', 'FIT', '계속']"
9,양아치,#미디어의 본질 #사회문제 #삶 #체제비판 #문제의식,"웹 아티스트로 활동을 시작한 양아치 작가는 미디어 아티스트이면서 시각적인 부분보다는 ‘매개’라는 미디어의 속성에 관심을 두고 있습니다. 작가는 미디어를 “사람과 사람 간에 서로를 연결할 수 있고 커뮤니케이션할 수 있게 해주는 존재”로 정의하며, <전자정부>,<미들 코리아> 등의 작품을 통해 한국 사회가 가진 시대적인 문제들을 ‘우리의 삶’을 통해 다양한 미디어로 제시하는 작업을 해왔습니다. 최근 작업인 <스크린 스크린 스크린>은 ‘근미래’에 현실이 될 ‘스마트시티’ ‘빅데이터’ ‘자율주행’ 등이 품고 있는 위험성을 은유적인 방법으로 환기합니다.",Sally,,모빌테크,Sally,"3채널 비디오, 혼합매체, 가변설치","시각예술가 양아치의 작품 <Sally>는 다가올 미래와 기술의 편리함을 모두가 평등하게 누릴 수 있을지에 대한 해답을 모색하는 프로젝트이다.
양아치는 ZER01NE Lab의 일원으로 모빌리티, 인공지능, 스마트 시티를 미래의 주요 기술로 상정하면서 현대자동차그룹의 광고를 모티프 삼아, 세 가지 기술의 관점으로 미래를 상상하는 영상을 제작했다. 광고 속에서 근미래의 이상적인 삶을 살아가는 주인공 ‘Sally’는 본 프로젝트에서 노동하는 인공지능으로 전환된다. 영상은 극단적으로 전환된 Sally의 삶을 근거로 2050년 미래 스마트 시티 안에서 일어나는 노동, 계급, 사회 문제를 다룬다.
<Sally>는 자동차 극장의 형식으로 관객을 만난다. 자동차 극장은 자동차에 탑승한 소수의 관객에게 근미래를 알리는 Sally의 세계를 스크린으로 비추어 주지만, 탑승하지 못한 다수의 관객은 차례를 기다려야 한다. 이 풍경은 근미래 기술의 향유 계층에 대한 양아치의 진단을 반영하고 있다.",2019,"['시각예술', '양', '아치', '작품', 'Sally', '미래', '기술', '편리하다', '모두', '평등하다', '수', '있다', '대한', '해답', '모색', '프로젝트', '양', '아치', 'ZER', 'NE', 'Lab', '의', '일원', '모빌리티', '인공', '지능', '스마트', '시티', '미래', '주요', '기술', '상정', '현', '대', '자동차', '그룹', '광고', '모티프', '세', '가지', '기술', '관점', '미래', '상상', '영상', '제작', '광고', '속', '근', '미래', '이상', '삶', '주인공', 'Sally', '프로젝트', '노동', '인공', '지능', '전환', '영상', '극단', '전환', 'Sally', '의', '삶', '근거', '미래', '스마트', '시티', '안', '노동', '계급', '사회', '문제', 'Sally', '자동차', '극장', '형식', '관객', '자동차', '극장', '자동차', '탑승', '소수', '관객', '근', '미래', 'Sally', '의', '세계', '스크린', '주지', '탑승', '못', '다수', '관객', '차례', '이', '풍경', '근', '미래', '기술', '향유', '계층', '대한', '양', '아치', '진단', '반영', '있다']"
10,이장원,#설치미술 #태양을 쫓다 #알고리즘 #GPS,"작가 이장원은 학부와 대학원에서 조각을 전공하고, 한국과학기술연구원(KIST)의 융복합기술연구소의 연구원으로 일한 독특한 이력으로 예술과 기술을 접목한 작품을 선보이고 있습니다. 그는 특히 ‘태양’에 주목하며 기계와 알고리즘을 기반으로 태양으로 대표되는 자연의 존재를 도시의 관객들에게 환기시키는 작업을 하고 있습니다. 세계 여러 곳에서 태양의 모습을 영상으로 전송하는 , 실시간으로 태양의 위치를 짚어주는 등의 작업을 거쳐 ZER01NE에서는<아르키메데스구멍-149,597,870,700> 작업을 통해 사람들에게 태양의 존재를 인식시키는 작업을 진행했습니다.","아르키메데스 구멍 - 149,597,870,700, 2018",,,"아르키메데스 구멍 - 149,597,870,700, 2018",장소특정 설치,"아르키메데스는 움직이지 않는 한 점과 충분히 긴 막대만 있다면 지구도 들어 올릴 수 있다는 말을 남겼다. 작가는 아르키메데스를 떠올리며 저 멀리(149,597,870,700M)에 존재하는 태양을 지금 여기로 가져오려 시도한다.",2018,"['아르키메데스', '움직', '점', '충분하다', '막대', '있다', '지구', '수', '있다', '말', '작가', '아르키메데스', '저', '멀리', 'M', '존재', '태양', '지금', '여기', '시도']"
11,이장원,#설치미술 #태양을 쫓다 #알고리즘 #GPS,"작가 이장원은 학부와 대학원에서 조각을 전공하고, 한국과학기술연구원(KIST)의 융복합기술연구소의 연구원으로 일한 독특한 이력으로 예술과 기술을 접목한 작품을 선보이고 있습니다. 그는 특히 ‘태양’에 주목하며 기계와 알고리즘을 기반으로 태양으로 대표되는 자연의 존재를 도시의 관객들에게 환기시키는 작업을 하고 있습니다. 세계 여러 곳에서 태양의 모습을 영상으로 전송하는 , 실시간으로 태양의 위치를 짚어주는 등의 작업을 거쳐 ZER01NE에서는<아르키메데스구멍-149,597,870,700> 작업을 통해 사람들에게 태양의 존재를 인식시키는 작업을 진행했습니다.",WILSON,"룸톤, 양아치, 이장원","권영진, 이경용",WILSON,"설치
황동, 아연 도금 강판, 전자 장치, 제작한 소프트웨어
","OS가 진화를 거듭하여 특정한 형태로 수렴된 미래의 모습은 어떠해야 할까. 작가는 태양을 떠올린다. 따듯하고 공평하며 신뢰할 수 있는 대상인 태양은 오랜 시간 인간과 자연을 연결하고 생명과 질서의 리듬을 조율하며 OS처럼 우리 기저에 존재해왔다. 본 작품은 WILSON으로 인격화된 OS로서의 태양을 연출한다. 자연의 대척점처럼 느껴지는 테크놀로지로 구축된 OS이지만, 진화된 모습은 오히려 자연을 닮아 있으리란 생각이 담겨 있다. 지극히 물질적인 모습으로 공간을 점유하는 원형의 오브제는 우주에 존재하는 태양의 실체를 데이터기반의 모션 기법을 통해 시각화한 것이다. 동시에, VR을 통해 근미래의 OS환경을 체험하는 관객과의 조우를 시도하므로 가상과 실제가 섞인 풍경을 연출한다.
",2018,"['OS', '진화', '거듭', '특정하다', '형태', '수렴', '미래', '모습', '어떠하다', '작가', '태양', '듯', '공평하다', '신뢰', '수', '있다', '대상', '태양', '시간', '인간', '자연', '연결하다', '생명', '질서', '리듬', '조율', 'OS', '처럼', '우리', '기저', '존재', '작품', 'WILSON', '인격', 'OS', '로서', '태양', '연출', '자연', '대척점', '테크놀로지', '구축', 'OS', '진화', '모습', '오히려', '자연', '있다', '생각', '있다', '물질', '모습', '공간', '점유', '원형', '오브', '제', '우주', '존재', '태양', '실체', '데이터', '기반', '모션', '기법', '통해', '시각', '것', '동시', 'VR', '통해', '근', '미래', 'OS', '환경', '체험', '관객', '조우', '시도', '가상', '실제', '풍경', '연출']"
12,이장원,#설치미술 #태양을 쫓다 #알고리즘 #GPS,"작가 이장원은 학부와 대학원에서 조각을 전공하고, 한국과학기술연구원(KIST)의 융복합기술연구소의 연구원으로 일한 독특한 이력으로 예술과 기술을 접목한 작품을 선보이고 있습니다. 그는 특히 ‘태양’에 주목하며 기계와 알고리즘을 기반으로 태양으로 대표되는 자연의 존재를 도시의 관객들에게 환기시키는 작업을 하고 있습니다. 세계 여러 곳에서 태양의 모습을 영상으로 전송하는 , 실시간으로 태양의 위치를 짚어주는 등의 작업을 거쳐 ZER01NE에서는<아르키메데스구멍-149,597,870,700> 작업을 통해 사람들에게 태양의 존재를 인식시키는 작업을 진행했습니다.",엠알랩,"양숙현, 닥드정, 후니다킴, 조호영, 최진훈, 김성백, 현박",M.O.P,실험 식탁,리서치 테이블,"MATERIAL RESEARCH LAB (엠알랩)은 미디어를 통해 확장된 오픈소스 및 보편 기술을 활용하여 물질의 다양한 측면을 실험, 기록, 관찰하고 이를 통해 얻어지는 새로운 시각성과 영감을 믿는 예술가들로 구성되었다. 제로원 크리에이터 8인(양숙현, 닥드정, 후니다 킴, 조호영, 이장원, 최진훈, 김성백, 현박)으로 구성된 이들의 관심사는 하이드로겔, 자성유체, 초소수성물질, 세라믹 서킷, 전도성 안료, 빛, 탄소안료, 플루오르화케톤 등 각양각색이다. 다양한 물질들을 아우르는 소재에 대한 호기심은 제로원 스타트업 M.O.P(대표: 최형일)과의 지속적인 커뮤니케이션을 가능하게 하여 크리에이터와 스타트업의 협업 구조를 만들어 내기도 하였다.

실험 식탁은 제로원 크리에이터로 구성된 엠알랩의 리서치 과정을 만찬의 형식으로 보여주고자 한다. 각 크리에이터가 연구하고 실험한 유닛은 자신만의 어플리케이션을 통해 플레이팅 되어 실험식탁에 놓이게 된다.",2018,"['MATERIAL', 'RESEARCH', 'LAB', '엠알랩', '은', '미디어', '통해', '확장', '오픈소스', '및', '보편', '기술', '활용', '물질', '다양하다', '측면', '실험', '기록', '관찰', '통해', '새롭다', '시각', '성과', '영감', '예술가', '구성', '제로원', '크리에이터', '인', '양숙현', '닥드정', '후니', '킴', '조호', '영', '이장원', '최진훈', '김성', '현', '박', '구성', '이', '관심사', '이드', '겔', '자성', '유체', '초소', '수성', '물질', '세라믹', '서킷', '전도성', '안료', '빛', '탄소', '안료', '플루오르', '케톤', '등', '각양각색', '다양하다', '물질', '소재', '대한', '호기심', '제로원', '스타트업', 'M', 'O', 'P', '대표', '최', '일', '지속', '커뮤니케이션', '가능하다', '크리에이터', '스타트업', '협업', '구조', '내기', '실험', '식탁', '제로원', '크리에이터', '구성', '엠알랩', '리서치', '과정', '만찬', '형식', '각', '크리에이터', '연구', '실험', '유닛', '자신', '어플리케이션', '통해', '플레이', '팅', '실험', '식탁']"
13,이장원,#설치미술 #태양을 쫓다 #알고리즘 #GPS,"작가 이장원은 학부와 대학원에서 조각을 전공하고, 한국과학기술연구원(KIST)의 융복합기술연구소의 연구원으로 일한 독특한 이력으로 예술과 기술을 접목한 작품을 선보이고 있습니다. 그는 특히 ‘태양’에 주목하며 기계와 알고리즘을 기반으로 태양으로 대표되는 자연의 존재를 도시의 관객들에게 환기시키는 작업을 하고 있습니다. 세계 여러 곳에서 태양의 모습을 영상으로 전송하는 , 실시간으로 태양의 위치를 짚어주는 등의 작업을 거쳐 ZER01NE에서는<아르키메데스구멍-149,597,870,700> 작업을 통해 사람들에게 태양의 존재를 인식시키는 작업을 진행했습니다.",Screen; Less is More,,,"ms_ERA study
",혼합매체,"이장원은 2018년 진행했던 ZER01NE 프로젝트 <윌슨>과 <아르키메데스의 구멍-149,597,870,700>에서 태양을 상징으로 삼아 근원적인 에너지 시스템의 운영을 사유했다. ZER01NE Lab의 일원으로 참여해 발표하는 이번 프로젝트에서는 태양에 대한 관심에 수소전지 분야를 더하여 연구하고, 관련 데이터를 하드웨어 픽셀 모듈에 연동시켜 이를 움직임으로 보여준다.
산업 차원의 에너지원 모색은 보통 효율성과 경제 논리에 따르지만, 이장원은 에너지원을 근원적인 우주 시스템에 속해 있는 인류의 운용 가능성으로 바라본다. 프로젝트 명 ‘ms_ERA’는 일종의 변수 이름, 즉 특정한 값을 통해 현실 속에 다른 데이터 값을 출력해 내는 코드 값이다.
이장원에게 ms_ERA는 모빌리티와 스마트 시티 시대의 일상 속에서 에너지, 로봇, 인공지능의 관계항을 탐구하는 의미를 가진다. 그는 본 프로젝트를 통해 풍부한 오독의 가능성을 지닌 ms_ERA를 작동시켜, 현실과 시차를 두고 공존하는 과거와 미래의 기술과 우주 시스템을 겹쳐 바라본다.",2019,"['이장원', '진행', 'ZER', 'NE', '프로젝트', '윌슨', '과', '아르키메데스', '구멍', '태양', '상징', '근원', '에너지', '시스템', '운영', '사유', 'ZER', 'NE', 'Lab', '의', '일원', '참여', '발표', '이번', '프로젝트', '태양', '대한', '관심', '수소', '전지', '분야', '더하다', '연구', '관련', '데이터', '하드웨어', '픽셀', '모듈', '연동', '움직임', '산업', '차원', '에너지', '모색', '보통', '효율', '성과', '경제', '논리', '이장원', '에너지', '근원', '우주', '시스템', '속', '해', '있다', '인류', '운용', '가능성', '프로젝트', '명', 'ms', 'ERA', '일종', '변수', '이름', '즉', '특정하다', '값', '통해', '현실', '속', '다른', '데이터', '값', '출력', '코드', '값', '이장원', 'ms', 'ERA', '모빌리티', '스마트', '시티', '시대', '일상', '속', '에너지', '로봇', '인공', '지능', '관계', '항', '탐구', '의미', '그', '프로젝트', '통해', '풍부하다', '오', '독', '가능성', 'ms', 'ERA', '를', '현실', '시차', '공존', '과거', '미래', '기술', '우주', '시스템', '겹']"
14,조호영,#설치미술 #이항대립 #움직임 #낯설게 하기 #에너지 전이 #상호작용,"조호영 작가는 주변의 친숙한 대상을 낯설게 만드는 작업을 합니다. 그는 낯설게 변한 대상뿐 아니라 낯설게 변하는 순간의 에너지 변화에 주목합니다. 작가가 의미하는 ‘에너지 변화’는 단순한 물리적 에너지의 변화가 아니라 이를 받아들이는 사람들의 인식 변화, 교감 등의 상호작용을 모두 포함합니다. 작가는 관객이 대상을 새롭게 바라보고, 질문을 던지게 하는 등 작품과의 활발한 상호작용이 일어나는 순간 혹은 상황으로 관객을 끌어들일 수 있는 ‘잘 짜인 장치’를 고민합니다. 이를 통해 관객들은 사물에 대한 감정, 감각을 환기하게 됩니다. ZER01NE에서는 ‘풍경’이라는 소재를 통해 관객이 ‘전환의 순간’을 경험하는 것에 관한 고민을 이어가고 있습니다.",랜드스케이프데이터프로젝트,"조호영, 후니다킴",,랜드스케이프 데이터 프로젝트 / 트랜스스케이프 체어 V1.0,"랜드스케이프 리딩 장치, 자동차 의자, 모터, 소프트웨어, 사운드, 아이패드, 레일, 전자기판","도시에 살면서 풍경을 바라보기는 쉽지 않다. 가끔 여행과 같이 낯선 환경에 놓였을 때 평소와 다른 것을 보고 느끼고, 그로 인해 여러 생각이 촉발되곤 한다. 일상에서 이런 스위치를 작동시킬 시간과 공간은 없을까? 우리는 주로 공간을 이동하면서 풍경에 노출된다. 또 승용차와 자전거는 우리의 사적 공간이 됐다. 이런 이동 수단 생태계에 자율 주행과 같은 새로운 변화가 생기고 있다. 근미래의 이동 수단은 새로운 가치를 창출하는 공간이 될 것으로 보인다. 우리는 풍경 읽기를 이동수단의 새로운 가치로 제안한다.

풍경을 바라볼 때 우리는 시각적 요소에 많이 의지한다고 생각하지만 사실 풍경은 청각, 후각, 촉각, 그 외의 요소들이 복합적으로 작용하면서 비로소 읽어낼 수 있는 대상이 된다. 그렇다면, 인간이 흘러가는 풍경을 감각할 때 시각이 아닌 청/촉각 요소가 더 강해지고 그것을 중심으로 바라보게 된다면 어떻게 될까? 같은 풍경을 다르게 감각할 수 있을까?

이 프로젝트는, 어떠한 대상에 대한 인식의 해상도가 낮아지는 환경에서 이를 새롭게 자극하고, 촉발하고, 인식하게 하는 ""장치""를 제작한다. 머신러닝으로 학습된 장치를 통하여, 실시간으로 흘러 지나가는 풍경을 디지털 데이터로 변환하여 ""또 하나의 풍경 읽기""를 제안한다. 이렇게 주변에 익숙한 풍경들을 다르게 읽는 과정 사이에서 생기는 차이를 통해, 관객들에게 풍경을 새롭게 감각할 수 있는 환경으로써 재구성하려 한다. 이번에 선보이는 작업은 현재 진행 중인 랜드스케이프 데이터 프로젝트의 첫 번째 어프로치 TRANSCAPE_CHAIR V1.0로, 우리 주변의 시각적 풍경을 다른 각도에서 읽어 내는 장치다. 두 개의 50M 레일 위에는 좌우로 이동하는 의자가 하나씩 올라가 있다. 두 의자는 전시 공간을 바라보고 있다. TRANSCAPE_CHAIR는 관객들에게 현재 위치한 공간과 그곳을 둘러싼 풍경을 오랫동안 관찰하는 계기를 제공한다.",2018,"['도시', '풍경', '가끔', '여행', '낯선', '환경', '때', '평소', '다른', '것', '보고', '그로', '인하다', '여러', '생각', '촉발', '일상', '이렇다', '스위치', '시간', '공간', '없다', '우리', '주로', '공간', '이동', '풍경', '노출', '또', '승용차', '자전거', '우리', '사적', '공간', '이렇다', '이동', '수단', '생태계', '자율', '주행', '같다', '새롭다', '변화', '생기', '있다', '근', '미래', '이동', '수단', '새롭다', '가치', '창', '출하', '공간', '것', '우리', '풍경', '동', '수단', '새롭다', '가치', '제안', '풍경', '때', '우리', '시각', '요소', '의지', '생각', '사실', '풍경', '청각', '후각', '촉각', '그', '외', '요소', '복합', '작용', '비로소', '낼', '수', '있다', '대상', '그렇다', '인간', '풍경', '감각', '때', '시각', '아니다', '청', '촉각', '요소', '더', '강하다', '그것', '중심', '어떻다', '같다', '풍경', '다르다', '감각', '수', '있다', '이', '프로젝트', '어떠하다', '대상', '대한', '인식', '해상도', '환경', '새롭다', '자극', '촉발', '인식', '장치', '를', '제작', '머신', '러닝', '학습', '장치', '통', '실시간', '풍경', '디지털', '데이터', '변환', '또', '하나', '풍경', '를', '제안', '주변', '익숙하다', '풍경', '다르다', '과정', '사이', '차이', '통해', '관객', '풍경', '새롭다', '감각', '수', '있다', '환경', '성하다', '이번', '작업', '현재', '진행', '중인', '랜드', '스케', '이프', '데이터', '프로젝트', '첫', '어프', '로치', 'TRANSCAPE', 'CHAIR', 'V', '로', '우리', '주변', '시각', '풍경', '다른', '각도', '장치', '두', '개', 'M', '레일', '위', '좌우', '이동', '의자', '하나', '있다', '두', '의자', '전시', '공간', '있다', 'TRANSCAPE', 'CHAIR', '관객', '현재', '위치', '공간', '곳', '풍경', '관찰', '계기', '제공']"
15,조호영,#설치미술 #이항대립 #움직임 #낯설게 하기 #에너지 전이 #상호작용,"조호영 작가는 주변의 친숙한 대상을 낯설게 만드는 작업을 합니다. 그는 낯설게 변한 대상뿐 아니라 낯설게 변하는 순간의 에너지 변화에 주목합니다. 작가가 의미하는 ‘에너지 변화’는 단순한 물리적 에너지의 변화가 아니라 이를 받아들이는 사람들의 인식 변화, 교감 등의 상호작용을 모두 포함합니다. 작가는 관객이 대상을 새롭게 바라보고, 질문을 던지게 하는 등 작품과의 활발한 상호작용이 일어나는 순간 혹은 상황으로 관객을 끌어들일 수 있는 ‘잘 짜인 장치’를 고민합니다. 이를 통해 관객들은 사물에 대한 감정, 감각을 환기하게 됩니다. ZER01NE에서는 ‘풍경’이라는 소재를 통해 관객이 ‘전환의 순간’을 경험하는 것에 관한 고민을 이어가고 있습니다.",엠알랩,"양숙현, 닥드정, 이장원, 조호영, 후니다킴,  최진훈, 김성백, 현박",,실험 식탁,"리서치 테이블, 가변크기","MATERIAL RESEARCH LAB (엠알랩)은 미디어를 통해 확장된 오픈소스 및 보편 기술을 활용하여 물질의 다양한 측면을 실험, 기록, 관찰하고 이를 통해 얻어지는 새로운 시각성과 영감을 믿는 예술가들로 구성되었다. 제로원 크리에이터 8인(양숙현, 닥드정, 후니다 킴, 조호영, 이장원, 최진훈, 김성백, 현박)으로 구성된 이들의 관심사는 하이드로겔, 자성유체, 초소수성물질, 세라믹 서킷, 전도성 안료, 빛, 탄소안료, 플루오르화케톤 등 각양각색이다. 다양한 물질들을 아우르는 소재에 대한 호기심은 제로원 스타트업 M.O.P(대표: 최형일)과의 지속적인 커뮤니케이션을 가능하게 하여 크리에이터와 스타트업의 협업 구조를 만들어 내기도 하였다.

실험 식탁은 제로원 크리에이터로 구성된 엠알랩의 리서치 과정을 만찬의 형식으로 보여주고자 한다. 각 크리에이터가 연구하고 실험한 유닛은 자신만의 어플리케이션을 통해 플레이팅 되어 실험식탁에 놓이게 된다.",2018,"['MATERIAL', 'RESEARCH', 'LAB', '엠알랩', '은', '미디어', '통해', '확장', '오픈소스', '및', '보편', '기술', '활용', '물질', '다양하다', '측면', '실험', '기록', '관찰', '통해', '새롭다', '시각', '성과', '영감', '예술가', '구성', '제로원', '크리에이터', '인', '양숙현', '닥드정', '후니', '킴', '조호', '영', '이장원', '최진훈', '김성', '현', '박', '구성', '이', '관심사', '이드', '겔', '자성', '유체', '초소', '수성', '물질', '세라믹', '서킷', '전도성', '안료', '빛', '탄소', '안료', '플루오르', '케톤', '등', '각양각색', '다양하다', '물질', '소재', '대한', '호기심', '제로원', '스타트업', 'M', 'O', 'P', '대표', '최', '일', '지속', '커뮤니케이션', '가능하다', '크리에이터', '스타트업', '협업', '구조', '내기', '실험', '식탁', '제로원', '크리에이터', '구성', '엠알랩', '리서치', '과정', '만찬', '형식', '각', '크리에이터', '연구', '실험', '유닛', '자신', '어플리케이션', '통해', '플레이', '팅', '실험', '식탁']"
16,조호영,#설치미술 #이항대립 #움직임 #낯설게 하기 #에너지 전이 #상호작용,"조호영 작가는 주변의 친숙한 대상을 낯설게 만드는 작업을 합니다. 그는 낯설게 변한 대상뿐 아니라 낯설게 변하는 순간의 에너지 변화에 주목합니다. 작가가 의미하는 ‘에너지 변화’는 단순한 물리적 에너지의 변화가 아니라 이를 받아들이는 사람들의 인식 변화, 교감 등의 상호작용을 모두 포함합니다. 작가는 관객이 대상을 새롭게 바라보고, 질문을 던지게 하는 등 작품과의 활발한 상호작용이 일어나는 순간 혹은 상황으로 관객을 끌어들일 수 있는 ‘잘 짜인 장치’를 고민합니다. 이를 통해 관객들은 사물에 대한 감정, 감각을 환기하게 됩니다. ZER01NE에서는 ‘풍경’이라는 소재를 통해 관객이 ‘전환의 순간’을 경험하는 것에 관한 고민을 이어가고 있습니다.",어디가 프로젝트,"TRIPLE-CORE(김정태, 조호영, 최진훈)",,"
1. Somewhere
2. 无目标区域, 
3. The fluid destination, 
4. nowhere
5. Ruins Trophy","1. FIRST AID 편곡, 2채널 사운드
2. 싱글 채널 비디오
3. 싱글 채널 비디오
4. 싱글 채널 비디오
5. 3채널 비디오, 장소 특정적 설치","시각예술가 김정태, 조호영, 최진훈은 ZER01NE Lab의 일원으로서, ‘이동’에 대한 상상을 바탕으로 팀 TRIPLE-CORE를 구성하여 협업했다.
<어디가 프로젝트>는 미래의 이동 개념을 시각화한 음악, 영상, 설치 작업이다. 여기서 사용된 음악은 3인이 각자 도출한 멜로디의 중간 값을 AI 작곡 프로그램에 입력하여 공통의 취향을 반영한 한 개의 곡이다. 그들은 효과적인 주제 전달을 위해 뮤직비디오의 방식을 빌렸으며, 이동에 관한 상상을 담은 영상 3편이 완성된 음악에 맞추어 개별 모니터에 동시 재생된다.
본 프로젝트를 통해 TRIPLE-CORE는 출발지와 목적지 사이의 거리로 이해되는 현재의 이동 개념과 달리, 꼭 특정 장소로 이동할 필요가 없어질 미래에는 장소성과 이동이 추상적인 상태를 유지하기 위해 유동적인 방향의 목적지로 유랑하는 개념이 될 것으로 예측한다.",2019,"['시각예술', '김정태', '조호', '영', '최진훈', 'ZER', 'NE', 'Lab', '의', '일원', '이동', '대한', '상상', '바탕', '팀', 'TRIPLE', 'CORE', '를', '구성', '협업', '어디가', '프로젝트', '미래', '이동', '개념', '시각', '음악', '영상', '설치', '작업', '여기', '사용', '음악', '인', '각자', '도출', '멜로디', '중간', '값', 'AI', '작곡', '프로그램', '입력', '공통', '취향', '반영', '개', '곡', '그', '효과', '주제', '전달', '위해', '뮤직비디오', '방식', '이동', '관', '상상', '영상', '편이', '완성', '음악', '개별', '모니터', '동시', '재생', '프로젝트', '통해', 'TRIPLE', 'CORE', '출발', '목적지', '사이', '거리', '이해', '현재', '이동', '개념', '달리', '꼭', '특정', '장소', '이동', '필요', '미래', '장소', '성과', '이동', '추상', '상태', '유지', '위해', '유동', '방향', '목적지', '유랑', '개념', '것', '예측']"
17,최진훈,#시각예술 #RGB #오류 #변형 #충돌,"회화를 전공한 작가 최진훈은 디지털 데이터들로 이미지를 제작합니다. 그는 색과 형태가 디지털이라는 가상의 공간과 현실을 오갈 때 생기는 오류, 혹은 잉여 데이터 값들 때문에 생기는 변형의 과정에 관심이 많습니다. 그의 작품 <오류의 흔적에 관하여>는 디지털 기술 환경이 발달해 기술로 구현된 이미지와 전통적인 회화의 문법 사이의 충돌을 표현합니다. 작가는 더 나은 형식을 실험하기 위해 디자인과 프로그래밍을 활용하며 뉴미디어 시대의 가상과 실제 사이의 관계에 대해 생각하게 하는 작업을 진행하고 있습니다.","🌐.FM, 웹, 2018","최진훈, 크리스 쉔",,"🌐.FM, 웹, 2018",,"산업화된 사회는 시계를 기반으로 변화하지 않는 삶이 일 년 동안 지속된다. 반면, 자연에서의 삶은 지구 축의 기울기로 인해 바뀌는 계절과 함께 변화하기도 한다. 전 세계48명의 음악가는 하루의 시간을 기준으로 30분의 공간 음악과 스냅샷를 만든다. 이렇게 엮인 24시간의 음악과 이미지는 사용자 위치를 기반한 시간과 동기화 되어 재생된다. 또한, 일 년 동안 바뀌는 주 • 야간 길이를 음악과 이미지의 재생 속도에 동적으로 일치시킨다. 작업에서, 언제 어디서나 일정한 웹 공간의 특성은 적용되지 않으며, 사용자의 지구표면 위치에 따라 다른 공간감을 제시한다.",2018,"['산업화', '사회', '시계', '기반', '변화', '삶', '일', '년', '동안', '지속', '반면', '자연', '지구', '축의', '기울기', '인하다', '계절', '변화', '전', '세계', '명의', '음악가', '하루', '시간', '기준', '공간', '음악', '스냅샷', '를', '엮', '음악', '이미지', '사용자', '위치', '기반', '시간', '동기화', '재생', '또한', '일', '년', '동안', '주', '야간', '길이', '음악', '이미지', '재생', '속도', '동', '적', '일치', '작업', '언제', '어디', '서나', '일정하다', '웹', '공간', '특성', '적용', '사용자', '지구', '표면', '위치', '다른', '공간', '감', '제', '시한']"
18,최진훈,#시각예술 #RGB #오류 #변형 #충돌,"회화를 전공한 작가 최진훈은 디지털 데이터들로 이미지를 제작합니다. 그는 색과 형태가 디지털이라는 가상의 공간과 현실을 오갈 때 생기는 오류, 혹은 잉여 데이터 값들 때문에 생기는 변형의 과정에 관심이 많습니다. 그의 작품 <오류의 흔적에 관하여>는 디지털 기술 환경이 발달해 기술로 구현된 이미지와 전통적인 회화의 문법 사이의 충돌을 표현합니다. 작가는 더 나은 형식을 실험하기 위해 디자인과 프로그래밍을 활용하며 뉴미디어 시대의 가상과 실제 사이의 관계에 대해 생각하게 하는 작업을 진행하고 있습니다.",서울라이다즈,"양숙현, 최진훈, 현박",,"Volumetric Data Space, Volumetric Data Collector",영상 및 로봇팔 설치,"VOLUMETRIC DATA COLLECTOR는 사물과 공간을 점 구름(POINT CLOUD)으로 읽어내는 라이다 센싱 기술과 인간 감각의 교환 가능성을 테스트하는 서울 라이다즈의 첫 번째 실험이다. 인간의 운동성을 결합한 이 비효율적 감각 장치는 서울 라이다즈의 도시 탐방에 동행하였고 이 수행적 퍼포먼스는 3개의 다른 시각(360도 카메라, 라이다 센서, 카메라)을 통해 기록되었다.

우리는 산업에서 활용되는 라이다의 보편적 응용을 제거하고 라이다의 감각능력과 인간의 이동 능력을 결합함으로써 라이다의 감각을 전혀 다른 곳에 놓아두었다. 동시에 기계로 하여금 인간의 감각을 모방하게 하는 대신, 우리 스스로 기계 알고리즘이 세상을 인식하는 방식으로 세상을 감각해 보는 수행적 경험을 자처했다. 인간의 신체 외부에서 발생한 감각이 우리의 환경 안으로 들어왔을 때 이 감각이 물리적 공간을 규정하는 방식과 인간의 지각 능력에 미치는 영향과 개인화된 빅데이터에 대해 질문을 던지고자 한다.

본 작업은 2018 아르스 엘렉트로니카 페스티벌 «THE PRACTICE OF ART & TECHNOLOGY»에 전시되었다.",2018,"['VOLUMETRIC', 'DATA', 'COLLECTOR', '사물', '공간', '점', '구름', 'POINT', 'CLOUD', '라이', '센싱', '기술', '인간', '감각', '교환', '가능성', '테스트', '서울', '라이', '즈', '의', '첫', '실험', '인간', '운동', '결합', '이', '비', '효율', '감각', '장치', '서울', '라이', '즈', '의', '도시', '탐방', '동행', '이', '수행', '퍼포먼스', '개', '다른', '시각', '도', '카메라', '라이', '센서', '카메라', '통해', '기록', '우리', '산업', '활용', '라이', '의', '보편', '응용', '제거', '라이', '의', '감각', '능력', '인간', '이동', '능력', '결합함', '라이', '의', '감각', '전혀', '다른', '곳', '동시', '기계로', '인간', '감각', '모방', '대신', '우리', '스스로', '기계', '알고리즘', '세상', '인식', '방식', '세상', '감각', '수행', '경험', '자처', '인간', '신체', '외부', '발생', '감각', '우리', '환경', '안', '때', '이', '감각', '물리', '공간', '규정', '방식', '인간', '지각', '능력', '미치다', '영향', '개인화', '빅데이터', '대해', '질문', '작업', '아르', '스', '엘렉트로니카', '페스티벌', 'THE', 'PRACTICE', 'OF', 'ART', 'TECHNOLOGY', '전시']"
19,최진훈,#시각예술 #RGB #오류 #변형 #충돌,"회화를 전공한 작가 최진훈은 디지털 데이터들로 이미지를 제작합니다. 그는 색과 형태가 디지털이라는 가상의 공간과 현실을 오갈 때 생기는 오류, 혹은 잉여 데이터 값들 때문에 생기는 변형의 과정에 관심이 많습니다. 그의 작품 <오류의 흔적에 관하여>는 디지털 기술 환경이 발달해 기술로 구현된 이미지와 전통적인 회화의 문법 사이의 충돌을 표현합니다. 작가는 더 나은 형식을 실험하기 위해 디자인과 프로그래밍을 활용하며 뉴미디어 시대의 가상과 실제 사이의 관계에 대해 생각하게 하는 작업을 진행하고 있습니다.",엠알랩,"양숙현, 닥드정, 후니다킴, 조호영, 최진훈, 김성백, 현박",M.O.P,실험 식탁,리서치 테이블,"MATERIAL RESEARCH LAB (엠알랩)은 미디어를 통해 확장된 오픈소스 및 보편 기술을 활용하여 물질의 다양한 측면을 실험, 기록, 관찰하고 이를 통해 얻어지는 새로운 시각성과 영감을 믿는 예술가들로 구성되었다. 제로원 크리에이터 8인(양숙현, 닥드정, 후니다 킴, 조호영, 이장원, 최진훈, 김성백, 현박)으로 구성된 이들의 관심사는 하이드로겔, 자성유체, 초소수성물질, 세라믹 서킷, 전도성 안료, 빛, 탄소안료, 플루오르화케톤 등 각양각색이다. 다양한 물질들을 아우르는 소재에 대한 호기심은 제로원 스타트업 M.O.P(대표: 최형일)과의 지속적인 커뮤니케이션을 가능하게 하여 크리에이터와 스타트업의 협업 구조를 만들어 내기도 하였다.

실험 식탁은 제로원 크리에이터로 구성된 엠알랩의 리서치 과정을 만찬의 형식으로 보여주고자 한다. 각 크리에이터가 연구하고 실험한 유닛은 자신만의 어플리케이션을 통해 플레이팅 되어 실험식탁에 놓이게 된다.",2018,"['MATERIAL', 'RESEARCH', 'LAB', '엠알랩', '은', '미디어', '통해', '확장', '오픈소스', '및', '보편', '기술', '활용', '물질', '다양하다', '측면', '실험', '기록', '관찰', '통해', '새롭다', '시각', '성과', '영감', '예술가', '구성', '제로원', '크리에이터', '인', '양숙현', '닥드정', '후니', '킴', '조호', '영', '이장원', '최진훈', '김성', '현', '박', '구성', '이', '관심사', '이드', '겔', '자성', '유체', '초소', '수성', '물질', '세라믹', '서킷', '전도성', '안료', '빛', '탄소', '안료', '플루오르', '케톤', '등', '각양각색', '다양하다', '물질', '소재', '대한', '호기심', '제로원', '스타트업', 'M', 'O', 'P', '대표', '최', '일', '지속', '커뮤니케이션', '가능하다', '크리에이터', '스타트업', '협업', '구조', '내기', '실험', '식탁', '제로원', '크리에이터', '구성', '엠알랩', '리서치', '과정', '만찬', '형식', '각', '크리에이터', '연구', '실험', '유닛', '자신', '어플리케이션', '통해', '플레이', '팅', '실험', '식탁']"
20,최진훈,#시각예술 #RGB #오류 #변형 #충돌,"회화를 전공한 작가 최진훈은 디지털 데이터들로 이미지를 제작합니다. 그는 색과 형태가 디지털이라는 가상의 공간과 현실을 오갈 때 생기는 오류, 혹은 잉여 데이터 값들 때문에 생기는 변형의 과정에 관심이 많습니다. 그의 작품 <오류의 흔적에 관하여>는 디지털 기술 환경이 발달해 기술로 구현된 이미지와 전통적인 회화의 문법 사이의 충돌을 표현합니다. 작가는 더 나은 형식을 실험하기 위해 디자인과 프로그래밍을 활용하며 뉴미디어 시대의 가상과 실제 사이의 관계에 대해 생각하게 하는 작업을 진행하고 있습니다.",아름다운 비행,,,아름다운 비행,"3채널 영상, 설치","창고같은 방 한 구석의 벽에 비친 흐릿한 영상에는 정신없이 이리저리 화면이 흔들린다. 책상 위의 선명한 15"" 모니터에서는 한 사람이 크고 아름다운 촬영 장비로 드론을 촬영하고 있다. 27"" 아날로그 TV화면에는 흥얼거리는 콧노래가 기분 좋게 흘러나오며, 푸른 하늘을 활공하는 드론이 자유를 만끽하고 있다. 드론의 날개에는 미동조차 없다.",2018,"['창고', '같다', '방', '구석', '벽', '흐릿', '영상', '화면', '책상', '위', '선명하다', '모니터', '사람', '아름답다', '촬영', '장비', '드론', '촬영', '있다', '아날로그', 'TV', '화면', '콧노래', '기분', '좋다', '푸른', '하늘', '활공', '드론', '자유', '만끽', '있다', '드론', '날개', '미동', '없다']"
21,최진훈,#시각예술 #RGB #오류 #변형 #충돌,"회화를 전공한 작가 최진훈은 디지털 데이터들로 이미지를 제작합니다. 그는 색과 형태가 디지털이라는 가상의 공간과 현실을 오갈 때 생기는 오류, 혹은 잉여 데이터 값들 때문에 생기는 변형의 과정에 관심이 많습니다. 그의 작품 <오류의 흔적에 관하여>는 디지털 기술 환경이 발달해 기술로 구현된 이미지와 전통적인 회화의 문법 사이의 충돌을 표현합니다. 작가는 더 나은 형식을 실험하기 위해 디자인과 프로그래밍을 활용하며 뉴미디어 시대의 가상과 실제 사이의 관계에 대해 생각하게 하는 작업을 진행하고 있습니다.",ZER01NE MAGAZINE,"우아름, 김나희, 후니다킴, 조호영, 김정태, 최영준, 최진훈, 크리스쉔, 닥드정","김규호, 김성도, 김재영, 이소요, 홍기빈",ZER01NE MAGAZINE,웹 매거진,"<ZER01NE MAGAZINE>은 모두의 창의성이 실현되는 공간, ZER01NE의 웹 프로젝트다. <ZER01NE MAGAZINE>이 동시대의 예술과 근미래의 삶, 예술과 기술이 교직하며 그려내는 지형도에 즐거이 동참하길 바란다. ",2018,"['ZER', 'NE', 'MAGAZINE', '은', '모두', '창의성', '실현', '공간', 'ZER', 'NE', '의', '웹', '프로젝트', 'ZER', 'NE', 'MAGAZINE', '이', '동시', '대의', '예술', '근', '미래', '삶', '예술', '기술', '교직', '지형도', '동참']"
22,최진훈,#시각예술 #RGB #오류 #변형 #충돌,"회화를 전공한 작가 최진훈은 디지털 데이터들로 이미지를 제작합니다. 그는 색과 형태가 디지털이라는 가상의 공간과 현실을 오갈 때 생기는 오류, 혹은 잉여 데이터 값들 때문에 생기는 변형의 과정에 관심이 많습니다. 그의 작품 <오류의 흔적에 관하여>는 디지털 기술 환경이 발달해 기술로 구현된 이미지와 전통적인 회화의 문법 사이의 충돌을 표현합니다. 작가는 더 나은 형식을 실험하기 위해 디자인과 프로그래밍을 활용하며 뉴미디어 시대의 가상과 실제 사이의 관계에 대해 생각하게 하는 작업을 진행하고 있습니다.",어디가 프로젝트,"TRIPLE-CORE(김정태, 조호영, 최진훈)",,"
1. Somewhere
2. 无目标区域, 
3. The fluid destination, 
4. nowhere
5. Ruins Trophy","1. FIRST AID 편곡, 2채널 사운드
2. 싱글 채널 비디오
3. 싱글 채널 비디오
4. 싱글 채널 비디오
5. 3채널 비디오, 장소 특정적 설치","시각예술가 김정태, 조호영, 최진훈은 ZER01NE Lab의 일원으로서, ‘이동’에 대한 상상을 바탕으로 팀 TRIPLE-CORE를 구성하여 협업했다.
<어디가 프로젝트>는 미래의 이동 개념을 시각화한 음악, 영상, 설치 작업이다. 여기서 사용된 음악은 3인이 각자 도출한 멜로디의 중간 값을 AI 작곡 프로그램에 입력하여 공통의 취향을 반영한 한 개의 곡이다. 그들은 효과적인 주제 전달을 위해 뮤직비디오의 방식을 빌렸으며, 이동에 관한 상상을 담은 영상 3편이 완성된 음악에 맞추어 개별 모니터에 동시 재생된다.
본 프로젝트를 통해 TRIPLE-CORE는 출발지와 목적지 사이의 거리로 이해되는 현재의 이동 개념과 달리, 꼭 특정 장소로 이동할 필요가 없어질 미래에는 장소성과 이동이 추상적인 상태를 유지하기 위해 유동적인 방향의 목적지로 유랑하는 개념이 될 것으로 예측한다.",2019,"['시각예술', '김정태', '조호', '영', '최진훈', 'ZER', 'NE', 'Lab', '의', '일원', '이동', '대한', '상상', '바탕', '팀', 'TRIPLE', 'CORE', '를', '구성', '협업', '어디가', '프로젝트', '미래', '이동', '개념', '시각', '음악', '영상', '설치', '작업', '여기', '사용', '음악', '인', '각자', '도출', '멜로디', '중간', '값', 'AI', '작곡', '프로그램', '입력', '공통', '취향', '반영', '개', '곡', '그', '효과', '주제', '전달', '위해', '뮤직비디오', '방식', '이동', '관', '상상', '영상', '편이', '완성', '음악', '개별', '모니터', '동시', '재생', '프로젝트', '통해', 'TRIPLE', 'CORE', '출발', '목적지', '사이', '거리', '이해', '현재', '이동', '개념', '달리', '꼭', '특정', '장소', '이동', '필요', '미래', '장소', '성과', '이동', '추상', '상태', '유지', '위해', '유동', '방향', '목적지', '유랑', '개념', '것', '예측']"
23,최병일,#설치미술 #기계 #인지과정 #커뮤니케이션 디자인 #경험의 차단,"최병일 작가는 미디어 아트, 조각, 설치, 그래픽 디자인을 자유로이 넘나듭니다. 그는 관객들이 시각적인 대상을 인지하는 과정에 관심을 두고 비디오, 프로그래밍, 기계, 거울 등을 활용한 작업을 선보여왔습니다. 그의 작품 는 일상의 대사들이 적혀 있는 거울을 하루에 두 번 깨는 장치입니다. 작가는 프로그래밍 된 기계로 무대를 만들고, 인간과 기계가 서로 반응하고 참여하는 체험의 장을 만듭니다. 최병일 작가가 ZER01NE에서 진행하는 작업 <검은방>은 방에 들어간 관객의 움직임에 따라 똑같이 움직이는 구조물로 관객들이 ‘검은방’의 실체를 파악할 수 없도록 경험을 차단하는 작업입니다. <검은방>은 기술의 발달이 만들 환경에서 인간의 경험이 어떻게 변하고, 재편될지를 생각해보게 합니다.",검은방,,,검은방-베타버전 0.5,설치,"감각을 차단하는 방. 테크놀로지는 사용자(관객)의 경(체)험을 신비화하거나 극대화하는데 주로 활용된다. 편재된 테크놀로지를 포함한 환경이 복잡하고 화려해 질수록 그 모든 대상의 인식 주체이자 소실점인 개인은 더 중요해 진다. 테크놀로지는 그 경험들을 점점 더 화려하게 제공하고, 중요한 개인(자아)은 점점 더 왜소해 진다. 이 프로젝트에서는 외부 환경을 차단하고 그 방 안에서 개인(자아)을 스스로 재고하는 경험을 제공하고자 기획되었다.",2018,"['감각', '차단', '방', '테크놀로지', '사용자', '관객', '의', '경', '체', '신비', '화하다', '극대', '화하다', '주로', '활용', '편재', '테크놀로지', '포함', '환경', '복잡하다', '화려하다', '그', '모든', '대상', '인식', '주체', '이자', '소실', '점', '개인', '더', '중요하다', '테크놀로지', '그', '경험', '점점', '더', '화려하다', '제공', '중요하다', '개인', '자아', '은', '점점', '더', '왜소하다', '이', '프로젝트', '외부', '환경', '차단', '그', '방', '안', '개인', '자아', '스스로', '재고', '경험', '제공', '기획']"
24,최병일,#설치미술 #기계 #인지과정 #커뮤니케이션 디자인 #경험의 차단,"최병일 작가는 미디어 아트, 조각, 설치, 그래픽 디자인을 자유로이 넘나듭니다. 그는 관객들이 시각적인 대상을 인지하는 과정에 관심을 두고 비디오, 프로그래밍, 기계, 거울 등을 활용한 작업을 선보여왔습니다. 그의 작품 는 일상의 대사들이 적혀 있는 거울을 하루에 두 번 깨는 장치입니다. 작가는 프로그래밍 된 기계로 무대를 만들고, 인간과 기계가 서로 반응하고 참여하는 체험의 장을 만듭니다. 최병일 작가가 ZER01NE에서 진행하는 작업 <검은방>은 방에 들어간 관객의 움직임에 따라 똑같이 움직이는 구조물로 관객들이 ‘검은방’의 실체를 파악할 수 없도록 경험을 차단하는 작업입니다. <검은방>은 기술의 발달이 만들 환경에서 인간의 경험이 어떻게 변하고, 재편될지를 생각해보게 합니다.",하얀 방 ,,,하얀 방 ,혼합매체,"
미디어 아트와 디자인 영역에서 활동해 온 최병일은 2018 ZER01NE프로젝트 <검은 방>에 이어 올해 ZER01NE Lab 의 일원으로 <하얀 방>을 선보인다. <검은 방>이 감각의 소거를 주제로 삼았다면, <하얀 방>은 감각의 확장을 주제로 한다.
앞으로 도래할 자율주행 환경에서 자동차와 운전자 사이의 촉각적 접촉은 사라지겠지만 시각적 관계는 지속될 것이다. 미래 자동차와 탑승자 사이의 새로운 매개점은 정보의 확장된 시각성일 수 있다는 전제로부터 최병일은 외부의 모든 실시간 정보를 시각적으로 제공하는 이동 공간을 상상한다. <하얀 방>은 자동차 내부 디스플레이 방식에 주목해, 주행 중 수집하게 되는 센싱 데이터와 작동 정보를 동적인 시각 이미지로 변환하여 이를 차량 내부 전면 스크린에 디스플레이하는 방식으로 제안한다. 따라서 관객은 차 내부에서 제조사 자동차 모델 고유의 움직임과 속도를 감상할 수 있다.
본 프로젝트는 탑승자가 이동 경로와 주행 상황으로부터 자유로워지면서 겪게 될 인지 부조화 현상에 대한 대책이자, 움직임 기반의 시각 브랜딩이다.",2019,"['미디어', '아트', '디자인', '영역', '활동', '온', '최병일', 'ZER', 'NE', '프로젝트', '검다', '방', '올해', 'ZER', 'NE', 'Lab', '의', '일원', '하얗다', '방', '검다', '방', '이', '감각', '소거', '주제', '하얗다', '방', '은', '감각', '확장', '주제', '앞', '도래', '자율', '주행', '환경', '자동차', '운전자', '사이', '촉각', '접촉', '시각', '관계', '지속', '것', '미래', '자동차', '탑승', '사이', '새롭다', '매', '개점', '정보', '확장', '시각', '일', '수', '있다', '전', '제로', '최병일', '외부', '모든', '실시간', '정보', '시각', '제공', '이동', '공간', '상상', '하얗다', '방', '은', '자동차', '내부', '디스플레이', '방식', '주목', '주행', '중', '수집', '센싱', '데이터', '작동', '정보', '동', '적', '시각', '이미지', '변환', '차량', '내부', '전면', '스크린', '디스플레이', '방식', '제안', '따라서', '관객', '차', '내부', '제', '조사', '자동차', '모델', '고유', '움직임', '속도', '감상', '수', '있다', '프로젝트', '탑승', '이동', '경로', '주행', '상황', '자유롭다', '인지', '부조화', '현상', '대한', '대책', '이자', '움직임', '기반', '시각', '브랜딩']"
25,현박,#3D프린터 #개인별 대량 맞춤 #액상 3D프린터 #메이커 #예술교육,"사물을 디자인하는 작가 현박은 단순한 디자인을 넘어 사물이 만들어지는 과정과 그 과정에서 사용되는 도구, 소재가 가지고 있는 특징적인 요소에 관심이 많습니다. 서울시 보조공학센터에서 일하며 개인 맞춤형 보조기구를 만든 경험에서 컴퓨터와 기계의 발전을 이용한 ‘개인별 대량 맞춤’에 관심을 갖게 되었습니다. 3D 프린터를 이용한 <다면화병제작소>는 이런 과정을 통해 도달한 작품으로, 작가는 당대의 기술을 이용해 새로운 사물의 제작 방식을 실험해 나가고 있습니다. ZER01NE에서는 소재를 쌓는 적층식이 아니라, 액체 상태의 소재를 굳혀 만드는 액상형 3D 프린터를 스튜디오에서 구현하고 이를 통한 작업들을 진행하고 있습니다.",서울라이다즈,"양숙현, 최진훈, 현박",,"Volumetric Data Space, Volumetric Data Collector",영상 및 로봇팔 설치,"VOLUMETRIC DATA COLLECTOR는 사물과 공간을 점 구름(POINT CLOUD)으로 읽어내는 라이다 센싱 기술과 인간 감각의 교환 가능성을 테스트하는 서울 라이다즈의 첫 번째 실험이다. 인간의 운동성을 결합한 이 비효율적 감각 장치는 서울 라이다즈의 도시 탐방에 동행하였고 이 수행적 퍼포먼스는 3개의 다른 시각(360도 카메라, 라이다 센서, 카메라)을 통해 기록되었다.

우리는 산업에서 활용되는 라이다의 보편적 응용을 제거하고 라이다의 감각능력과 인간의 이동 능력을 결합함으로써 라이다의 감각을 전혀 다른 곳에 놓아두었다. 동시에 기계로 하여금 인간의 감각을 모방하게 하는 대신, 우리 스스로 기계 알고리즘이 세상을 인식하는 방식으로 세상을 감각해 보는 수행적 경험을 자처했다. 인간의 신체 외부에서 발생한 감각이 우리의 환경 안으로 들어왔을 때 이 감각이 물리적 공간을 규정하는 방식과 인간의 지각 능력에 미치는 영향과 개인화된 빅데이터에 대해 질문을 던지고자 한다.

본 작업은 2018 아르스 엘렉트로니카 페스티벌 «THE PRACTICE OF ART & TECHNOLOGY»에 전시되었다.",2018,"['VOLUMETRIC', 'DATA', 'COLLECTOR', '사물', '공간', '점', '구름', 'POINT', 'CLOUD', '라이', '센싱', '기술', '인간', '감각', '교환', '가능성', '테스트', '서울', '라이', '즈', '의', '첫', '실험', '인간', '운동', '결합', '이', '비', '효율', '감각', '장치', '서울', '라이', '즈', '의', '도시', '탐방', '동행', '이', '수행', '퍼포먼스', '개', '다른', '시각', '도', '카메라', '라이', '센서', '카메라', '통해', '기록', '우리', '산업', '활용', '라이', '의', '보편', '응용', '제거', '라이', '의', '감각', '능력', '인간', '이동', '능력', '결합함', '라이', '의', '감각', '전혀', '다른', '곳', '동시', '기계로', '인간', '감각', '모방', '대신', '우리', '스스로', '기계', '알고리즘', '세상', '인식', '방식', '세상', '감각', '수행', '경험', '자처', '인간', '신체', '외부', '발생', '감각', '우리', '환경', '안', '때', '이', '감각', '물리', '공간', '규정', '방식', '인간', '지각', '능력', '미치다', '영향', '개인화', '빅데이터', '대해', '질문', '작업', '아르', '스', '엘렉트로니카', '페스티벌', 'THE', 'PRACTICE', 'OF', 'ART', 'TECHNOLOGY', '전시']"
26,현박,#3D프린터 #개인별 대량 맞춤 #액상 3D프린터 #메이커 #예술교육,"사물을 디자인하는 작가 현박은 단순한 디자인을 넘어 사물이 만들어지는 과정과 그 과정에서 사용되는 도구, 소재가 가지고 있는 특징적인 요소에 관심이 많습니다. 서울시 보조공학센터에서 일하며 개인 맞춤형 보조기구를 만든 경험에서 컴퓨터와 기계의 발전을 이용한 ‘개인별 대량 맞춤’에 관심을 갖게 되었습니다. 3D 프린터를 이용한 <다면화병제작소>는 이런 과정을 통해 도달한 작품으로, 작가는 당대의 기술을 이용해 새로운 사물의 제작 방식을 실험해 나가고 있습니다. ZER01NE에서는 소재를 쌓는 적층식이 아니라, 액체 상태의 소재를 굳혀 만드는 액상형 3D 프린터를 스튜디오에서 구현하고 이를 통한 작업들을 진행하고 있습니다.",비 독창적 비 적층식 액상 조형장치,,,비 독창적 비 적층식 액상 조형장치,장치 공개,"이 장치는 아마도 세계 최초의 1액형 공압 보조 3차원 비 적층식 액상 조형장치일 것이다.
세계최초가 아니라면 아마도 국내최초일 것이다. 사실 그런 이름붙이기는 반짝이는 포장 외에는 아무런 의미가 없다. 중요한 것은 이 장치는 지금껏 조형이 불가능하거나 어려웠던 형태를 비교적 쉽게 만들 수 있도록 도와준다는 것이다.

이 장치는 2017년에 MIT에서 발표한 RAPID LIQUID PRINTING 장치의 파생물(DERIVATIVE)이다. 2017년 발표된 장치와 이 장치는 세부적인 작동방식이나 설계등은 상이하나 액상 3차원 조형장치라는 개념으로는 상당히 유사하다. 이전 장치에 이용되거나 개발된 기술은 설계도나 작동 코드와 같은 중심 기술이 공개되지 않았으므로 인터넷 상에 지엽적으로 편재된 시각적 정보의 모방과 조합을 이용하여 본 장치를 제작했다.

이 장치는,
- 인터넷을 설치해주는 기사가 없었다면 어려웠을 것이다.
- 매일 타고다니는 대중교통의 운전자가 없었다면 어려웠을 것이다.
- 한국과 같이 비교적 안정적인 사회에서 거주하지 않았다면 어려웠을 것이다.
- 그 외, 혁신과 먼, 우리가 당연하고 무가치하게 생각하는 기반이 없었다면 이 장치를 만들기는 불가능했을 것이다.

해갈되지 않는 화려하고 새로운 혁신의 끊임없는 자극이 일상화되고 그에 집착하는 사람들은 반짝이는 새로움의 달콤한 포장을 소비한다. 매력적인 '혁신'이 우리가 무가치하고 당연하게 받아들이는 '유지보수'가 없었다면 존재할 수 있을까. 정보의 접근성이 좋아지고 많은 기술의 진입 장벽이 현저히 낮아진 지금, 창의성과 독창성은 어느정도는 환상이 아닐까.

이 장치에 대한 모든 정보는 오픈소스 라이센스에 의거해 공개된다.
ATTRIBUTION-NONCOMMERCIAL-SHAREALIKE 4.0 INTERNATIONAL



CC BY-NC-SA 4.0",2018,"['이', '장치', '세계', '최초', '액', '공압', '보조', '차원', '비', '적층', '액', '조형', '것', '세계', '최초', '아니다', '국내', '최초', '일', '것', '사실', '그렇다', '이름', '붙이', '포장', '외', '아무렇다', '의미', '없다', '중요하다', '것', '이', '장치', '지금껏', '조형', '불가능하다', '어렵다', '형태', '비교', '수', '있다', '것', '이', '장치', 'MIT', '발표', 'RAPID', 'LIQUID', 'PRINTING', '장치', '파', '생물', 'DERIVATIVE', '발표', '장치', '이', '장치', '세부', '작', '동', '방식', '설계', '등', '상이', '하나', '액', '차원', '조형', '장치', '개념', '상당하다', '유사하다', '이전', '장치', '이용', '개발', '기술', '설계도', '작동', '코드', '같다', '중심', '기술', '공개', '인터넷', '상', '지', '엽', '편재', '시각', '정보', '모방', '조합', '이용', '장치', '제작', '이', '장치', '인터넷', '설치', '기사', '없다', '어렵다', '것', '매일', '타고', '대중교통', '운전자', '없다', '어렵다', '것', '한국', '비교', '안정', '사회', '거주', '어렵다', '것', '그', '외', '혁신', '멀다', '우리', '당연하다', '무가치하다', '생각', '기반', '없다', '이', '장치', '만들기', '불가능하다', '것', '해갈', '화려하다', '새롭다', '혁신', '끊임없다', '자극', '일상', '그', '집착', '사람', '새', '로움', '달콤하다', '포장', '소비', '매력', '혁신', '이', '우리', '무가치하다', '당연하다', '유지', '보수', '없다', '존재', '수', '있다', '정보', '접근성', '많다', '기술', '진입', '장벽', '현저', '지금', '창의성', '독창', '성은', '어느', '정도', '환상', '아니다', '이', '장치', '대한', '모든', '정보', '오픈소스', '라이센스', '의거', '공개', 'ATTRIBUTION', 'NONCOMMERCIAL', 'SHAREALIKE', 'INTERNATIONAL', 'CC', 'BY', 'NC', 'SA']"
27,현박,#3D프린터 #개인별 대량 맞춤 #액상 3D프린터 #메이커 #예술교육,"사물을 디자인하는 작가 현박은 단순한 디자인을 넘어 사물이 만들어지는 과정과 그 과정에서 사용되는 도구, 소재가 가지고 있는 특징적인 요소에 관심이 많습니다. 서울시 보조공학센터에서 일하며 개인 맞춤형 보조기구를 만든 경험에서 컴퓨터와 기계의 발전을 이용한 ‘개인별 대량 맞춤’에 관심을 갖게 되었습니다. 3D 프린터를 이용한 <다면화병제작소>는 이런 과정을 통해 도달한 작품으로, 작가는 당대의 기술을 이용해 새로운 사물의 제작 방식을 실험해 나가고 있습니다. ZER01NE에서는 소재를 쌓는 적층식이 아니라, 액체 상태의 소재를 굳혀 만드는 액상형 3D 프린터를 스튜디오에서 구현하고 이를 통한 작업들을 진행하고 있습니다.",엠알랩,"양숙현, 닥드정, 후니다킴, 조호영, 최진훈, 김성백, 현박",M.O.P,실험 식탁,리서치 테이블,"MATERIAL RESEARCH LAB (엠알랩)은 미디어를 통해 확장된 오픈소스 및 보편 기술을 활용하여 물질의 다양한 측면을 실험, 기록, 관찰하고 이를 통해 얻어지는 새로운 시각성과 영감을 믿는 예술가들로 구성되었다. 제로원 크리에이터 8인(양숙현, 닥드정, 후니다 킴, 조호영, 이장원, 최진훈, 김성백, 현박)으로 구성된 이들의 관심사는 하이드로겔, 자성유체, 초소수성물질, 세라믹 서킷, 전도성 안료, 빛, 탄소안료, 플루오르화케톤 등 각양각색이다. 다양한 물질들을 아우르는 소재에 대한 호기심은 제로원 스타트업 M.O.P(대표: 최형일)과의 지속적인 커뮤니케이션을 가능하게 하여 크리에이터와 스타트업의 협업 구조를 만들어 내기도 하였다.

실험 식탁은 제로원 크리에이터로 구성된 엠알랩의 리서치 과정을 만찬의 형식으로 보여주고자 한다. 각 크리에이터가 연구하고 실험한 유닛은 자신만의 어플리케이션을 통해 플레이팅 되어 실험식탁에 놓이게 된다.",2018,"['MATERIAL', 'RESEARCH', 'LAB', '엠알랩', '은', '미디어', '통해', '확장', '오픈소스', '및', '보편', '기술', '활용', '물질', '다양하다', '측면', '실험', '기록', '관찰', '통해', '새롭다', '시각', '성과', '영감', '예술가', '구성', '제로원', '크리에이터', '인', '양숙현', '닥드정', '후니', '킴', '조호', '영', '이장원', '최진훈', '김성', '현', '박', '구성', '이', '관심사', '이드', '겔', '자성', '유체', '초소', '수성', '물질', '세라믹', '서킷', '전도성', '안료', '빛', '탄소', '안료', '플루오르', '케톤', '등', '각양각색', '다양하다', '물질', '소재', '대한', '호기심', '제로원', '스타트업', 'M', 'O', 'P', '대표', '최', '일', '지속', '커뮤니케이션', '가능하다', '크리에이터', '스타트업', '협업', '구조', '내기', '실험', '식탁', '제로원', '크리에이터', '구성', '엠알랩', '리서치', '과정', '만찬', '형식', '각', '크리에이터', '연구', '실험', '유닛', '자신', '어플리케이션', '통해', '플레이', '팅', '실험', '식탁']"
28,현박,#3D프린터 #개인별 대량 맞춤 #액상 3D프린터 #메이커 #예술교육,"사물을 디자인하는 작가 현박은 단순한 디자인을 넘어 사물이 만들어지는 과정과 그 과정에서 사용되는 도구, 소재가 가지고 있는 특징적인 요소에 관심이 많습니다. 서울시 보조공학센터에서 일하며 개인 맞춤형 보조기구를 만든 경험에서 컴퓨터와 기계의 발전을 이용한 ‘개인별 대량 맞춤’에 관심을 갖게 되었습니다. 3D 프린터를 이용한 <다면화병제작소>는 이런 과정을 통해 도달한 작품으로, 작가는 당대의 기술을 이용해 새로운 사물의 제작 방식을 실험해 나가고 있습니다. ZER01NE에서는 소재를 쌓는 적층식이 아니라, 액체 상태의 소재를 굳혀 만드는 액상형 3D 프린터를 스튜디오에서 구현하고 이를 통한 작업들을 진행하고 있습니다.",소프트로봇 연구,,,부풀어오른 물체에 대한 연구,"혼합매체, 가변설치","새로운 소재와 기술을 활용한 디자인에 관심을 가져온 현박은 ZER01NE Lab의 일원으로 진행한 소프트 로봇 연구를 발표한다. 소프트 로봇은 연체동물을 참조한 부드러운 재료와 휘어지는 센서 등을 활용해 유연한 움직임을 지닌 로봇 제작 분야로, 현재 학술적, 상품적으로 초기 단계에 머물러 있는 신기술이다.
긴 시간동안 생물의 진화로 나타나는 다양한 형상이나 작동원리가 인간의 의도적 설계보다 효율적이거나 아름다운 경우는 어렵지 않게 찾아볼 수 있다. 가령 생체모방(Bio Mimicry)이라 불리는 자연을 모방한 설계는 이미 다양한 분야에서 활용되고 있다. 소프트 로봇은 유기체의 형태로 우리에게 익숙한 감각이지만 그것이 기계라는 점에서 동시에 섬뜩함을 촉발시키는데, 이 점을 흥미롭게 본 현박은 소프트 로봇을 탐구 대상으로 선택하게 된다. 그는 이러한 양면성을 가지고 <부풀어오른 물체에 대한 연구> 프로젝트를 통해 기술의 현주소 위에서 작가이자 디자이너로서 자신이 포착한 새로운 감각을 선보인다.",2019,"['새롭다', '소재', '기술', '활용', '디자인', '관심', '현', '박', 'ZER', 'NE', 'Lab', '의', '일원', '진행', '소프트', '로봇', '연구', '발표', '소프트', '로봇', '연체동물', '참조', '부드럽다', '재료', '휘', '센서', '등', '활용', '유연하다', '움직임', '로봇', '제작', '분야', '현재', '학술', '상품', '초기', '단계', '있다', '신', '기술', '시간', '동안', '생물', '진화', '다양하다', '형상', '작', '동', '원리', '인간', '의도', '설계', '효율', '거나', '아름답다', '경우', '어렵다', '수', '있다', '가령', '생체모방', 'Bio', 'Mimicry', '자연', '모방', '설계', '다양하다', '분야', '활용', '있다', '소프트', '로봇', '유기체', '형태', '우리', '익숙하다', '감각', '그것', '기계', '점', '동시', '섬뜩하다', '촉발', '이', '점', '흥미롭다', '현', '박', '소프트', '로봇', '탐구', '대상', '선택', '그', '이러하다', '양면', '가지', '오른', '물체', '대한', '연구', '프로젝트', '통해', '기술', '현주소', '위', '작가', '이자', '디자이너', '로서', '자신', '포착', '새롭다', '감각']"
